INSERT INTO weather_stations (id, latitude, longitude) VALUES
('c675f067-bf83-4c56-9b4e-dc7984b3e5ca', 42.123, -71.456),
('cc3fb38c-5b49-41e5-9f69-b35164a273c4', 39.789, -84.321),
('af7e3f16-1d9e-4bca-b649-6a8f6de2e9de', 37.456, -122.789);

INSERT INTO weather_sensors (id, weather_station_id, last_data_creation_timestamp, sensor_status) VALUES
('e920ce80-4a85-4e83-b20f-8f2d59be4b67', 'c675f067-bf83-4c56-9b4e-dc7984b3e5ca', CURRENT_TIMESTAMP, 'LIVE'),
('829d4a35-1f75-4501-8eab-0e6f2a70e40f', 'c675f067-bf83-4c56-9b4e-dc7984b3e5ca', CURRENT_TIMESTAMP, 'LIVE'),
('d92e37d9-2e2f-4d97-881a-72b8247b14c4', 'c675f067-bf83-4c56-9b4e-dc7984b3e5ca', CURRENT_TIMESTAMP, 'LIVE'),
('6ef3aeac-8f7f-4ed4-9458-501dedf0d300', 'c675f067-bf83-4c56-9b4e-dc7984b3e5ca', CURRENT_TIMESTAMP, 'LIVE'),
('7d6cb40e-3e8a-40f4-a392-35ff289ff6d4', 'c675f067-bf83-4c56-9b4e-dc7984b3e5ca', CURRENT_TIMESTAMP, 'LIVE'),
('a9f139b9-d96e-4419-bb7b-dc28f69db8d7', 'cc3fb38c-5b49-41e5-9f69-b35164a273c4', CURRENT_TIMESTAMP, 'LIVE'),
('c82a64d5-2ae0-4e81-a98d-8f622900a57b', 'cc3fb38c-5b49-41e5-9f69-b35164a273c4', CURRENT_TIMESTAMP, 'LIVE'),
('f0f6e9bc-45f9-4f35-9ad3-27d409dd82b6', 'cc3fb38c-5b49-41e5-9f69-b35164a273c4', CURRENT_TIMESTAMP, 'LIVE'),
('c19d60b4-8b63-4c29-9241-c92c8d7f3126', 'cc3fb38c-5b49-41e5-9f69-b35164a273c4', CURRENT_TIMESTAMP, 'LIVE'),
('f3ac9df8-5830-46c4-b4f0-9438eac88cfe', 'cc3fb38c-5b49-41e5-9f69-b35164a273c4', CURRENT_TIMESTAMP, 'LIVE');

INSERT INTO weather_data_points (id, weather_sensor_id, metric_type, metric_value, metric_timestamp) VALUES
('45d82e65-66ae-4eb0-ae61-4a39b6c11d64', 'e920ce80-4a85-4e83-b20f-8f2d59be4b67', 'TEMPERATURE', 48.0, '2023-05-22 12:02:00'),
('f4b71c20-5c9d-4eb6-8315-8df3c49f6cc3', 'e920ce80-4a85-4e83-b20f-8f2d59be4b67', 'TEMPERATURE', 37.5, '2023-05-22 12:03:00'),
('1d2f7b06-9d55-4e42-aeff-014b4f25247b', 'e920ce80-4a85-4e83-b20f-8f2d59be4b67', 'TEMPERATURE', 15.2, '2023-05-22 12:04:00'),
('798378b6-b7b7-4e37-9d5e-3eb1228a633e', 'e920ce80-4a85-4e83-b20f-8f2d59be4b67', 'TEMPERATURE', 25.8, '2023-05-22 12:05:00'),
('23c6eb94-c98e-4e6e-b0a0-7e18e4e6e388', 'e920ce80-4a85-4e83-b20f-8f2d59be4b67', 'TEMPERATURE', -5.7, '2023-05-22 12:06:00'),
('5926a48d-3132-4410-b16e-3a69b9f4225e', '829d4a35-1f75-4501-8eab-0e6f2a70e40f', 'TEMPERATURE', 30.1, '2023-05-22 12:07:00'),
('12a2c4ab-ef1b-49ed-8c44-57beaf97224e', '829d4a35-1f75-4501-8eab-0e6f2a70e40f', 'TEMPERATURE', -8.9, '2023-05-22 12:08:00'),
('9ad4c9d1-6b2a-4fa1-86b1-1a43f79f50d1', '829d4a35-1f75-4501-8eab-0e6f2a70e40f', 'TEMPERATURE', 22.7, '2023-05-22 12:09:00'),
('ad71664d-55a6-4459-b36c-26dd05b4a4d9', '829d4a35-1f75-4501-8eab-0e6f2a70e40f', 'TEMPERATURE', 19.6, '2023-05-22 12:10:00'),
('2fbff0b9-01be-4e5e-9af9-9e8b1d98f83d', '829d4a35-1f75-4501-8eab-0e6f2a70e40f', 'TEMPERATURE', 28.3, '2023-05-22 12:11:00'),
('b1e535ff-6c20-49cd-8f37-200f1b05d372', 'd92e37d9-2e2f-4d97-881a-72b8247b14c4', 'PRESSURE', 1000.0, '2023-05-22 12:02:00'),
('e62c4c7b-9a8b-4b48-bc49-5b82246d6c10', 'd92e37d9-2e2f-4d97-881a-72b8247b14c4', 'PRESSURE', 1050.0, '2023-05-22 12:03:00'),
('4f971c6b-b8a0-48f4-af27-07bdfd2fc4b6', 'd92e37d9-2e2f-4d97-881a-72b8247b14c4', 'PRESSURE', 950.0, '2023-05-22 12:02:00'),
('604bbb68-1ea5-4715-ae32-4069d7f030f9', 'd92e37d9-2e2f-4d97-881a-72b8247b14c4', 'PRESSURE', 961.0, '2023-05-22 12:03:00'),
('c66b2c02-926d-4cfe-a8a2-9795c1b6704d', 'd92e37d9-2e2f-4d97-881a-72b8247b14c4', 'PRESSURE', 972.0, '2023-05-22 12:04:00'),
('03a03c1a-bcb2-4f2d-9a95-cb60d0db99db', '6ef3aeac-8f7f-4ed4-9458-501dedf0d300', 'PRESSURE', 983.0, '2023-05-22 12:05:00'),
('6f9dbdde-9d0a-4e92-9039-58e409c83de5', '6ef3aeac-8f7f-4ed4-9458-501dedf0d300', 'PRESSURE', 998.0, '2023-05-22 12:06:00'),
('afbfa702-ef1e-4684-97b3-d64f99dcdbb0', '6ef3aeac-8f7f-4ed4-9458-501dedf0d300', 'PRESSURE', 1004.0, '2023-05-22 12:07:00'),
('f055ef25-ae39-4e3b-a0d4-3a221f117e95', '6ef3aeac-8f7f-4ed4-9458-501dedf0d300', 'PRESSURE', 1050.0, '2023-05-22 12:08:00'),
('b52a49c5-7d6f-4322-8bfb-7d3f85bcfc69', '6ef3aeac-8f7f-4ed4-9458-501dedf0d300', 'PRESSURE', 1020.0, '2023-05-22 12:09:00'),
('e5d64eeb-7f8e-45e5-b2d5-70806f5714e2', '7d6cb40e-3e8a-40f4-a392-35ff289ff6d4', 'WIND_SPEED', 12.3, '2023-05-22 12:02:00'),
('c01fc854-9608-4e66-b48c-1564f260a50f', '7d6cb40e-3e8a-40f4-a392-35ff289ff6d4', 'WIND_SPEED', 13.5, '2023-05-22 12:03:00'),
('c0c9d8bf-733f-4329-a5ae-8fe31d330e9e', '7d6cb40e-3e8a-40f4-a392-35ff289ff6d4', 'WIND_SPEED', 0.5, '2023-05-22 12:02:00'),
('9405e33f-45e3-40de-96f2-6ba61db162a5', '7d6cb40e-3e8a-40f4-a392-35ff289ff6d4', 'WIND_SPEED', 2.7, '2023-05-22 12:03:00'),
('a9e64b92-b53c-4f24-ae69-96becc2da913', '7d6cb40e-3e8a-40f4-a392-35ff289ff6d4', 'WIND_SPEED', 4.8, '2023-05-22 12:04:00'),
('7c7a9e7c-5598-4e82-b1b1-d9793059d3c2', 'a9f139b9-d96e-4419-bb7b-dc28f69db8d7', 'WIND_SPEED', 3.1, '2023-05-22 12:05:00'),
('dba5874f-781a-4a88-9d82-947d71e36d8b', 'a9f139b9-d96e-4419-bb7b-dc28f69db8d7', 'WIND_SPEED', 17.4, '2023-05-22 12:06:00'),
('7bbf5aaf-7f80-4389-8725-307a94846df2', 'a9f139b9-d96e-4419-bb7b-dc28f69db8d7', 'WIND_SPEED', 10.2, '2023-05-22 12:07:00'),
('5c198133-6f0d-4c8d-964e-32d9fb28f32d', 'a9f139b9-d96e-4419-bb7b-dc28f69db8d7', 'WIND_SPEED', 20.0, '2023-05-22 12:08:00'),
('0fdcbfd6-860e-4127-9472-9cb9312c40de', 'a9f139b9-d96e-4419-bb7b-dc28f69db8d7', 'WIND_SPEED', 5.6, '2023-05-22 12:09:00'),
('b6fbc68a-3e63-4a3b-bb02-7643af6d29f0', 'c82a64d5-2ae0-4e81-a98d-8f622900a57b', 'HUMIDITY', 20.5, '2023-05-22 12:02:00'),
('e0dbd6b2-b39a-49ad-885b-4f27a5b6d27c', 'c82a64d5-2ae0-4e81-a98d-8f622900a57b', 'HUMIDITY', 30.8, '2023-05-22 12:03:00'),
('ec5a0c6d-7314-4bce-80dd-c4966c6540d0', 'c82a64d5-2ae0-4e81-a98d-8f622900a57b', 'HUMIDITY', 43.2, '2023-05-22 12:04:00'),
('67e3d2e7-c13e-4cb6-9f6f-3f22c6f7e69a', 'c82a64d5-2ae0-4e81-a98d-8f622900a57b', 'HUMIDITY', 57.9, '2023-05-22 12:05:00'),
('0f13e448-89e7-4596-83cd-9e5b7a9cbeea', 'c82a64d5-2ae0-4e81-a98d-8f622900a57b', 'HUMIDITY', 62.3, '2023-05-22 12:06:00'),
('9bfece52-5c43-4e3a-8603-d3e3a7033b08', 'f0f6e9bc-45f9-4f35-9ad3-27d409dd82b6', 'HUMIDITY', 77.6, '2023-05-22 12:07:00'),
('8173f74c-17e2-43d9-9133-8ed7389f9a7d', 'f0f6e9bc-45f9-4f35-9ad3-27d409dd82b6', 'HUMIDITY', 65.4, '2023-05-22 12:08:00'),
('d9f14d9a-0e7c-4dcd-96a3-9b7fc2e189ae', 'f0f6e9bc-45f9-4f35-9ad3-27d409dd82b6', 'HUMIDITY', 80.0, '2023-05-22 12:09:00'),
('67f79d27-6379-4b11-b0a3-97ae9a4f32c7', 'f0f6e9bc-45f9-4f35-9ad3-27d409dd82b6', 'HUMIDITY', 33.7, '2023-05-22 12:10:00'),
('1d1c2213-1aa1-4c3e-9364-df882378b6a9', 'f0f6e9bc-45f9-4f35-9ad3-27d409dd82b6', 'HUMIDITY', 72.8, '2023-05-22 12:11:00');
